segment_url_link,Human,Model H,Model i,Model k,Model l,Model m,Model n,
https://storage.googleapis.com/testing_audio_for_josh/bcmk_TR/hindi/ch_1726922_866.16_868.20.wav,वही अपना खेती बाड़ी और क्या,वही अपना खेती बाड़ी और क्या,वही अपना खेती बाड़ी और क्या,वही अपना खेती बाड़ी और क्या?,वही अपना खेती बाड़ी और क्या,वही अपना खेतीबाड़ी और क्या,वही अपना खेती बाड़ी और क्या,
https://storage.googleapis.com/testing_audio_for_josh/bcmk_TR/hindi/ch_2052946_52.62_54.36.wav,मौनता का अर्थ क्या होता है,मौनता का अर्थ क्या होता है,मौनता का अर्थ क्या होता है?,मौन तागार थके होतई।,मोनता का अर्थ है क्या होता है,मोन ताका हर थक्या होताहए,मौनता का हर थका होता है,
https://storage.googleapis.com/testing_audio_for_josh/bcmk_TR/hindi/ch_2054042_186.66_189.27.wav,और रक्षाबंधन पे चलो बहनों को,और रक्षाबंधन पे चलो बहनों को,और रक्षाबंधन पे चलो बहनों को --,और रक्षाबंधन पे चलो बहनों को?,और रक्षाबंधन पे चलो बहनों को,और रक्षा बंधन पे चलो बहनों को,और रक्षा बंधन पे चलो बहनों को,
https://storage.googleapis.com/testing_audio_for_josh/bcmk_TR/hindi/ch_2059414_678.27_680.07.wav,एक सिंपल और सादा वे में,एक सिंपल और सादा वे में,एक सिंपल और सादा वे में।,एक सिंपल और सादा वे में?,एक सिंपल और सादावे में,एक सिंपल और सादा वे में,एक सिंपल और सादा वे में,
https://storage.googleapis.com/testing_audio_for_josh/bcmk_TR/hindi/ch_292958_499.83_502.32.wav,आने वाली चुनौतियों  का इंतजार करना,आने वाली चुनौतियों का इंतजार करना,आने वाली चुनौतियों का इंतजार करना।,आने वाली चुनौतियों का इंतजार करना?,आने वाली चुनौतियों का इंतजार करना,आने वाली चुनौतियों का इंतजार करना,आने वाली चुनौतियों का इंतजार करना,
https://storage.googleapis.com/testing_audio_for_josh/bcmk_TR/hindi/ch_41359_476.04_478.23.wav,अचानक आई मुश्किलों का सामना करना,अचानक आई मुश्किलों का सामना करना,अचानक आई मुश्किलों का सामना करना,अचानक आई मुश्किलों का सामना करना।,अचानक आई मुश्किलों का सामना करना,अچانक आی مुश्कلوں का सاमنा करنा,अचानक आई मुश्किलों का सामना करना है,
https://storage.googleapis.com/testing_audio_for_josh/bcmk_TR/hindi/ch_439044_464.37_466.47.wav,सर आपकी इच्छा जय सियाराम,सर आपकी इच्छा जय श्री आराम,सर आपकी इच्छा जय सियाराम,sir आपकी इच्छा। जय सिया राम!,सर आपकी इच्छा जय शिय राम,सर आपकी इच्छा जैसी आराम,सर आपकी इच्छा जय सी आराम,
https://storage.googleapis.com/testing_audio_for_josh/bcmk_TR/hindi/ch_487624_1037.94_1041.27.wav,जी फीडबैक मिलने  पर सुधार करना,जी फीडबैक मिलने पर सुधार करना,जी फीडबैक मिलने पर सुधार करना,जी feedback मिलने पर सुधार करना।,ज फिडबऐक मिलने पर सुधार करना,जी फीडबैक मिलने पर सुधार करना,फीडबैक मिलने पर सुधार करना,
https://storage.googleapis.com/testing_audio_for_josh/bcmk_TR/hindi/ch_549122_687.60_689.40.wav,जो एक महत्वपूर्ण भूमिका निभाते हैं,जो एक महत्वपूर्ण भूमिका निभाते हैं,जो एक महत्वपूर्ण भूमिका निभाते हैं।,जो एक महत्वपूर्ण भूमिका निभाते हैं।,जो एक महत्वपूर्ण भूमिका निभाते हैं,जो एक मह्त्वपूर्ण भूमिका निभाते हैं,जो एक महत्वपूर्ण भूमिका निभाते हैं, 
https://storage.googleapis.com/testing_audio_for_josh/bcmk_TR/hindi/ch_580286_74.16_76.35.wav,जीवन की चुनौतियों का सामना करना,जीवन की चुनौतियों का सामना करना,जीवन की चुनौतियों का सामना करना।,जीवन की चुनौतियों का सामना करना।,जीवन की चुनौतियों का सामना करना,जीवन की चुनौतियों का सामना करना,जीवन की चुनौतियों का सामना करना,
https://storage.googleapis.com/testing_audio_for_josh/bcmk_TR/hindi/ch_696260_203.52_205.56.wav,हम्म बहुत प्योर हार्ट रहता है सबका,बहुत प्योर हार्ट रहता है सबका,हम्म बहुत प्योर हार्ट रहता है सबका।,बहुत pure heart रहता है सबका।,बहुत पूरे हार्ट रहता है सबका,बहुत प्योर हाट रहता है सबका,बहुत प्योर हार्ट रहता है सबका,
https://storage.googleapis.com/testing_audio_for_josh/bcmk_TR/hindi/ch_88116_190.50_193.14.wav,पूजा और प्रार्थना में  शामिल होना,पूजा और प्रार्थना में शामिल होना,पूजा और प्रार्थना में शामिल होना,पूजा और प्रार्थना में शामिल होना?,पूजा और प्रार्थना में शामिल होना,पूजा और पर्यार्थना में शामिल होना,पूजा और प्रार्थना में शामिल होना,
https://storage.googleapis.com/testing_audio_for_josh/bcmk_TR/hindi/ch_1538598_420.96_433.47.wav,डिश बनाते हैं वो ट्रेडिशनल डिशेस बनाते हैं तो कुछ कुछ अपन भी वैसे ही है ना अपन भी कुछ अनहेल्दी नहीं खाते हैं ना तो अपना कुछ ऐसे अलग अलग दिशाओं में गया हो ऐसा कुछ हमारे लिए तो नहीं है ये।,डिश बनाते हैं वो ट्रेडिशनल डिशेस बनाते हैं तो कुछ कुछ अपन भी वैसे ही है ना अपन भी कुछ अनहेल्दी नहीं खाते हैं ना तो अपना कुछ ऐसे अलग अलग दिशाओं में गया हो ऐसा कुछ हमारे लिए तो नहीं है ये,डिश बनाते हैं वो ट्रेडिशनल डिशेस बनाते हैं तो कुछ कुछ अपन भी वैसे ही है ना अपन भी कुछ अनहेल्दी नहीं खाते हैं ना तो अपना कुछ ऐसे अलग अलग दिशाओं में गया हो ऐसा कुछ हमारे लिए तो नहीं है ये,"डिश बनाते हैं, वो ट्रेडिशनल डिशेस बनाते हैं तो कुछ कुछ अपन भी वैसे ही है ना। अपन भी कुछ अनहेल्दी नहीं खाते हैं ना। तो अपना कुछ ऐसे अलग अलग दिशाओं में गया हो ऐसा कुछ हमारे लिए तो नहीं है ये?",दिश बनाते है वो ट्रेडिशनल दिशेस बनाते है तो कुछ कुछ अपन भी वैसे ही है ना अपन भी कुछ अनहेल्दी नहीं खाते है ना तो अपना कुछ ऐसे अलग अलग दिशाओं में गया हो ऐसा कुछ हमारे लिए तो नहीं है ये,डिश बनाते हैं वो ट्रेडिशनल डिशस बनाते हैं तो कुछ कुछ अपन भी वैसे ही है ना अपन भी कुछ अनहेलदीनी खाते है ना तो अपना कुछ ऐसे अलग-अलग दिशाओं में गया हो ऐसा कुछ हमारे लिए तो नहीं है यह,डिश बनाते हैं वो ट्रेडिशनल डिशेस बनाते हैं तो कुछ कुछ अपन भी वैसे ही है ना अपन भी कुछ अनहेल्दी नहीं खाते हैं ना तो अपना कुछ ऐसे अलग-अलग दिशाओं में गया हो ऐसा कुछ हमारे लिए तो नहीं है ये तो,
https://storage.googleapis.com/testing_audio_for_josh/bcmk_TR/hindi/ch_1669398_336.42_346.86.wav,जी ऐसा ना हो कि उन्होंने टाइट कपड़े पहन लिए बाद में दौड़ भी नहीं पा रहे और शरीर में लचक आ रही है तो वो पसीना पड़े जा रहा है ये है कि उनको हीट वेव्स के कारण कुछ भी हो जाए,जी ऐसा ना हो कि उन्होंने टाइट कपड़े पहन लिए बाद में दौड़ भी नहीं पा रहे और शरीर में लक्ष्य का आ रही है तो वो पसीना पड़े जा रहा है ये कि उनको हीट वेब्स के कारण कुछ भी हो जाए,जी ऐसा ना हो कि उन्होंने टाइट कपड़े पहन लिए बाद में दौड़ भी नहीं पा रहे और शरीर में लचक आ रही है तो वो पसीना पड़े जा रहा है ये है कि उनको हीट वेव्स के कारण कुछ भी हो जाए,"जी ऐसा ना हो कि उन्होंने टाइट कपड़े पहन लिए, बाद में दौड़ भी नहीं पा रहे और शरीर में लचका आ रही है तो वो पसीना पड़े जा रहा है। ये है कि उनको हीट वेव के कारण कुछ भी हो जाए।",जी ऐसा ना हो की उन्होंने तिइड कपड़े पहन लिए बाद में दौड़ भी नहीं पा रहे और शरीर में लचक आ रही है तो वो पसीना पड़े जा रहा है ये है की उनको हट वेव् के कारण कुछ भी हो जाए,जी ऐसा ना हो कि उन्होंने टाइड कपड़े पहने लिए बाद में धोड़ भी नहीं पा रहे शरीर में लच्च का रही है तो वो पसीना पड़े जा रहा है ये है कि उनको हीट वेब्स के कारण कुछ भी हो जाए,जी ऐसा ना हो की उन्होंने टाइट कपड़े पहन लिए बाद में दौड़ भी नहीं पा रहे और शरीर में लचक आ रही है तो वह पसीना पड़े जा रहा है यह की उनको हीट वेब्स के कारण कुछ भी हो जाए,
https://storage.googleapis.com/testing_audio_for_josh/bcmk_TR/hindi/ch_1725602_690.72_699.39.wav,पहले सब्ज़ी मार्केट तक जाना था सब ऐसे ही जाते थे कौन सा वही बात है कौन सा देते थे चाबी वगैरह आपको आप कहीं दूर जाता तो तब बड़ी मुश्किल से गाड़ी की चाबी मिलती थी,पहले सब्ज़ी मार्केट तक जाना था सब ऐसे ही जाते थे कौन सा वही बात है कौन सा देते थे चाबी वगैरह आपको आप कहीं दूर जाता तो तब बड़ी मुश्किल से गाड़ी की चाबी मिलती थी,पहले सब्ज़ी मार्केट तक जाना था सब ऐसे ही जाते थे कौन सा वही बात है कौन सा देते थे चाबी वगैरह आपको आप कहीं दूर जाता तो तब बड़ी मुश्किल से गाड़ी की चाबी मिलती थी,"पहले सब्जी मार्केट तक जाना था, सब ऐसे ही जाते थे। कौन सा वही बात है, कौन सा देते थे चाबी वगैरह आपको। आप कहीं दूर जाता तो तब बड़ी मुश्किल से गाड़ी की चाबी मिलती थी।",पहले सब्जी मार्केट तक जाना था सब ऐसे ही जाते थे कौन सा वही बात है कौन सा देते थे चाबी वगैरह आपको आप कहीं दूर जाता था तब बड़ी मुश्किल से गाड़ी की चाबी मिलती थी,पहले सब्जी मार्केट तक जाना था सब ऐसे ही जाते थे कौन सा वही बात है कौन सा देते थे चाबी वगैर आपको आ कई दूर जाता तो तब बड़ी मुश्किल से गाड़ी की चाबी मिलती थी,पहले सब्जी मार्केट तक जाना था सब ऐसे ही जाते थे कौन सा वही बात है कौन सा देते थे चाबी वगैरह आपको आप कोई दूर जाता तो तब बड़ी मुश्किल से गाड़ी की चाबी मिलती थी,
https://storage.googleapis.com/testing_audio_for_josh/bcmk_TR/hindi/ch_1597583_323.52_331.38.wav,जब जैसे जैसे समझदारी आती है कि हम उनके साथ कैसा बिहेव किए उस समय अब ऐसा नहीं करना चाहिए था हमको,जब जैसे जैसे समझदारी आती है कि हम उनके साथ कैसा बिहेव किए उस समय अब नरेशा नहीं करना चाहिए था हमको,जब जैसे जैसे समझदारी आती है कि हम उनके साथ कैसा बिहेव किए उस समय अब ऐसा नहीं करना चाहिए था हमको,"जब जैसे-जैसे समझदारी आती है कि हम उनके साथ कैसा बिहेव किए, उस समय और ऐसा नहीं करना चाहिए था हमको।",जब जैसे जैसे समझदारी आती है कि हम उनके साथ कैसा बिहव किए उस समय आब नऐसा नहीं करना चाहिए था हमको,जब जैसे-जैसे समझदारी आती है कि हम उनके साथ कैसा विहब किए उस सम आर नैसा नहीं करना चाहिए था हमको,जब जैसे-जैसे समझदारी आती है कि हम उनके साथ कैसा विहब किए उस समय अब नैसा नहीं करना चाहिए था हमको,
https://storage.googleapis.com/testing_audio_for_josh/bcmk_TR/hindi/ch_1539708_53.28_68.01.wav,बंद हो जाता है तो इन सब से इन सब का एक ही उपाय होता है कई अन्य जगह पर घूमने जाना यात्रा करना भ्रमण करना चाहे वो किसी भी रूप में हो चाहे किसी पर्यटन स्थल पर हो दर्शनीय स्थल पर हो किसी के,बंद हो जाता है तो इन सब से इन सब का एक ही उपाय होता है कई अन्य जगह पर घूमने जाना यात्रा करना प्रवन करना चाहे वो किसी भी रूप में हो चाहे किसी पर्यटन स्थल पर हो दर्शनीय स्थल पर हो किसी के,बंद हो जाता है तो इन सब से इन सब का एक ही उपाय होता है कई अन्य जगह पर घूमने जाना यात्रा करना भ्रमण करना चाहे वो किसी भी रूप में हो चाहे किसी पर्यटन स्थल पर हो दर्शनीय स्थल पर हो किसी के,"बंद हो जाता है तो इन सबसे, इन सबका एक ही उपाय होता है। कई अन्य जगह पर घूमने जाना, यात्रा करना, भ्रमण करना, चाहे वो किसी भी रूप में हो, चाहे किसी पर्यटन स्थल पर हो, दर्शनीय स्थल पर हो, किसी के-",बंद हो जाता है तो इन सबसे इन सबका एक ही उपाय होता है कहीं अन्य जगह पर घूमने जाना यात्रा करना भ्रमण करना चाहे वह किसी भी रूप में हो चाहे किसी पर्यटन स्थल पर हो दर्शनीय स्थल पर हो किसी के,बंद हो जाता है तो इन सबसे इन सबका एक ही उपाय होता है कई अन्य जगह पर घूमने जाना यात्रा करना भ्रहमण करना चाहे वो किसी भी रूप में हो चाहे किसी पर्यटन स्थल पर हो दर्शनीय स्थल पर हो किसी के,बंद हो जाता है तो इन सबसे इन सबका एक ही उपाय होता है कई अन्य जगह पर घूमने जाना यात्रा करना भ्रमण करना चाहे वो किसी भी रूप में हो चाहे किसी पर्यटन स्थल पर हो दर्शनीय स्थल पर हो किसी के,
https://storage.googleapis.com/testing_audio_for_josh/bcmk_TR/hindi/ch_82714_160.47_173.70.wav,एक दिन पहले या उसी दिन चतुर्थी के दिन लोग उसको लेकर आते हैं मूर्ति को थोड़ा सा फेस को जो चेहरा होता है ना गणेश जी का वो ढक कर और फिर उनको लेकर आते हैं बैंड बाजे के साथ में लेकर आते हैं,एक दिन पहले या उसी दिन चतुर्थी के दिन लोग उसको लेकर आते हैं मूर्ति को थोड़ा सा फेस को जो चेहरा होता है ना गणेश जी का वो ढक कर और फिर उनको लेकर आते हैं बैंड बाजे के साथ में लेकर आते हैं,एक दिन पहले या उसी दिन चतुर्थी के दिन लोग उसको लेकर आते हैं मूर्ति को थोड़ा सा फेस को जो चेहरा होता है ना गणेश जी का वो ढक कर और फिर उनको लेकर आते हैं बैंड बाजे के साथ में लेकर आते हैं,"एक दिन पहले या उसी दिन चतुर्थी के दिन लोग उसको लेकर आते हैं। अ मूर्ति को थोड़ा सा face को जो चेहरा होता है ना गणेश जी का, वो ढककर और फिर उनको लेकर आते हैं, बैंड बाजे के साथ में लेकर आते हैं।",एक दिन पहले या उसी दिन चतुर्थी के दिन लोग उसको लेकर आते हैं मूर्ति को थोड़ा सा फेस को जो चेहरा होता है ना गणेश जी का वो ढक कर और फिर उनको लेकर आते हैं बैंड बाजे के साथ में लेकर आते हैं,एक दिन पहले या उसी दिन चथुरती के दिन लोग उसको लेकर आते हैं मूर्ति को थोड़ा सा फेस को जो चेहरा होता है ना गणेी का वो ढककर और फिर उनको लेकर आतेहैं बैंड बाजे के साथ में लेकर आते हैं,एक दिन पहले या उसी दिन चतुर्ती के दिन लोग उसको लेकर आते हैं मूर्ति को थोड़ा सा फेस को जो चेहरा होता है ना गणेश जी का वह ढक्कर और फिर उनको लेकर आते हैं बैंड बाजे के साथ में लेकर आते हैं,
https://storage.googleapis.com/testing_audio_for_josh/bcmk_TR/hindi/ch_1591175_530.97_536.49.wav,विविधता और  कीमत के मामले में बाजारों की तुलना मोल से करना।,विविधता और अ कीमत के मामले में बाजारों की तुलना मोल से करना,विविधता और कीमत के मामले में बाजारों की तुलना मोल से करना।,विविधता और अ... कीमत के मामले में बाजारों की तुलना मॉल से करना?,विविधता और अः कीमत के मामले में हजारों की तुलना मोल से करना,विविधता और कीमत के ममले में बाजारों की तुलना मूल से करना,विविधता और कीमत के मामले में बाजारों की तुलना मोल से करना,
https://storage.googleapis.com/testing_audio_for_josh/bcmk_TR/hindi/ch_251777_833.22_842.58.wav,हाँ और यहाँ पर सारी सुविधा है पार्किंग के लिए भी अलग से उन्होंने फ्लोर बना के रखा हुआ है लिफ्ट भी है,हाँ और यहाँ पर सारी सुविधा है पार्किंग के लिए भी अलग से उन्होंने फ्लोर बना के रखा हुआ है लिफ्ट भी है,"हाँ और यहाँ पर सारी सुविधा है, पार्किंग के लिए भी अलग से उन्होंने फ्लोर बना के रखा हुआ है, लिफ्ट भी है।","हां और यहां पर सारी सुविधाएँ हैं, पार्किंग के लिए भी अलग से उन्होंने फ्लोर बनाकर रखा हुआ है, लिफ्ट भी है।",हाँ और यहाँ पर सारी सुविधाएं पार्किंग के लिए भी अलग से उन्हने फ्लोर बना के रखा हुआ है लिफ्ट भी है,हा और यहां पर सारी सुविधा है पार्किंग के लिए भी अलग से उनने फ्लोर बनाकर रखा हुआ है लिफ्ट भी है,हां और यहां पर सारी सुविधा है पार्किंग के लिए भी अलग से उन्हें फ्लोर बना के रखा हुआ है लिफ्ट भी है,
https://storage.googleapis.com/testing_audio_for_josh/bcmk_TR/hindi/ch_29151_299.07_312.81.wav,बाहर का वो जैसे कि आने जाने में जो स्ट्रगल रहा कि वहाँ पे जैसे गए तो रात में मतलब हमको वहाँ पे उतरे कोटा मतलब कोटा है राजस्थान के कोटा में तो रात में उतरे तो फिर रात भर हमको,बाहर का वो जैसे कि आने जाने में जो स्ट्रगल रहा कि वहाँ पे जैसे गए तो रात में मतलब हमको वहाँ पे उतरे कोटा मतलब कोटा है राजस्थान के कोटा में रात में उतरे तो फिर रात भर हमको,बाहर का वो जैसे कि आने जाने में जो स्ट्रगल रहा कि वहाँ पे जैसे गए तो रात में मतलब हमको वहाँ पे उतरे कोटा मतलब कोटा है राजस्थान के कोटा में तो रात में उतरे तो फिर रात भर हमको,"बाहर का वो जैसे कि आने जाने में जो स्ट्रगल रहा कि वहां पे जैसे गए तो रात में मतलब हमको वहां पे उतरे कोटा मतलब कोटा है, राजस्थान के कोटा में तो रात में उतरे तो फिर रात भर हमको",बाहर का वो जैसे की आने जाने में जो स्ट्र्गल रहा कि वहाँ पे जैसे गए तो रात में मतलब हमको वहाँ पे उतरे कोटा मतलब कोटा है राजस्थान के कोटा में तो रात में उतरे तो फिर रात भर हमको,बाहर का वो जैसे कि आने जाने में जो स्ट्रगल रहा कि वहां पे जैसे गएं तो रात में मतलब हमको वहां पर उतरे कोटा मतलब कोटा है राजस्थान के कोटा में रात में उतरे तो फिर रातभर हमको,बाहर का वह जैसे की आने-जाने में जो स्ट्रगल रहा की वहां पर जैसे गए तो रात में मतलब हमको वहां पर उतरे कोटा मतलब कोटा है राजस्थान के कोटा में तो रात में उतरे तो फिर रात भर हमको,
https://storage.googleapis.com/testing_audio_for_josh/bcmk_TR/hindi/ch_701191_638.49_652.05.wav,और या फिर मुस्कुरा कर कह दो कि हाँ नानी आप तो अगले महीने अब घर चल रही हैं मैं अब आपकी पसंदीदा खिचड़ी भी बनाऊँगी और मैंने यही मैंने बात टालने की ही कोशिश की मैंने दूसरा रास्ता चुना,और या फिर मुस्कुरा कर कहे दो कि हाँ नानी आप तो अगले महीने अब घर चल रही हैं मैं अब आपकी पसंदीदा खिचड़ी भी बनाऊँगी और मैंने यही मैंने बात टालने की ही कोशिश की मैंने दूसरा रास्ता चुना,और या फिर मुस्कुरा कर कह दो कि हाँ नानी आप तो अगले महीने अब घर चल रही हैं मैं अब आपकी पसंदीदा खिचड़ी भी बनाऊँगी और मैंने यही मैंने बात टालने की ही कोशिश की मैंने दूसरा रास्ता चुना,"और आप फिर मुस्कुरा कर कह दो कि हां नानी, आप तो अगले महीने अब घर चल रही हैं। मैं अब आपकी पसंदीदा खिचड़ी भी बनाऊंगी और मैंने यही, मैंने बात टालने की ही कोशिश की। मैंने दूसरा रास्ता चुना।",और या फिर मुस्कुरा कर कह द कि हाँ नानी आप तो अगले महीने अब घर चल रही हैं मैं अब आपकी पसंदीदा खिचड़ी भी बनाउँंगी और मैंने यही मैंने बात टालने की ही कोशिश की मैंने दूसरा रास्ता चुना,और या फिर मुस्कुरा कर कहदो कि हां नानी आपतो अगले महीने आप घर चल रही हैं मैं आपकी पसंदीदा खिचड़ी भी बनाऊंगी और मैंने यही मैंने बाट डालने की ही कोशिश की मैंने दूसरा रास्ता चुना,और या फिर मुस्कुराकर कहते हैं तो कि हानानी आप तो अगले महीने अब घर चल रही हैं मैं अब आपकी पसंदीदा खिचड़ी भी बनाऊंगी और मैंने यही मैंने बात डालने की ही कोशिश की मैंने दूसरा रास्ता चुना,
https://storage.googleapis.com/testing_audio_for_josh/bcmk_TR/hindi/ch_1545383_331.02_336.06.wav,अच्छा चलिए अच्छा हुआ आपने ये सारी इंफॉर्मेशन मुझे बता दी कि मैं अपने आगे ध्यान रखूँ,अच्छा चलिए अच्छा हुआ आपने ये सारी इंफॉर्मेशन मुझे बता दी कि मैं अपने आगे ध्यान रखूँ,अच्छा चलिए अच्छा हुआ आपने ये सारी इंफॉर्मेशन मुझे बता दी कि मैं अपने आगे ध्यान रखूँ,अच्छा चलिए अच्छा हुआ आपने ये सारी इंफॉर्मेशन मुझे बता दी कि मैं अपने आगे ध्यान रखूं।,अच्छा चलिए अच्छा हुआ आपने ये सारी इनफॉरमेशन मुझे बता दी कि मैं अपने आगे ध्यान रखूँ,अच्छा ्चलिए अच्छा हुआ आपने यह सारी इनफॉर्मेशन मुझे बता दी कि मैं अपने आगे ध्यान रखूं,अच्छा चलिए अच्छा हुआ आपने यह सारी इन्फॉर्मेशन मुझे बता दी की मैं अपने आगे ध्यान रखूं,
https://storage.googleapis.com/testing_audio_for_josh/bcmk_TR/hindi/ch_1605071_277.98_280.86.wav,और एक तो मतलब बारहवीं पास होने के बाद ना आप इतने होशियार भी नहीं होते हो,और एक तो मतलब बारहवीं पास होने के बाद ना आप इतने होशियार भी नहीं होते हो,और एक तो मतलब बारहवीं पास होने के बाद ना आप इतने होशियार भी नहीं होते हो।,और एक तो मतलब बारहवीं पास होने के बाद ना अब इतने होशियार भी नहीं होते हो।,और एक तो मतलब बारहवीं पास होने के बाद नाप इतने होशियार भी नहीं होते हो,और एक तो मतलब बार्मी पास होने के बाद ना आप इतने होशियार भी नहीं होते हो,और एक तो मतलब बारहवीं पास होने के बाद ना आप इतने होशियार भी नहीं होते हो,
https://storage.googleapis.com/testing_audio_for_josh/bcmk_TR/hindi/ch_1645639_304.05_310.53.wav,दूसरी जाति में तो शादी होती ही नहीं है राजस्थान में बहुत बवाल होता है देखा जाए तो,दूसरी जाति में तो शादी होती ही नहीं है राजस्थान बहुत बवाल होता है देखा जाए तो,दूसरी जाति में तो शादी होती ही नहीं है राजस्थान में बहुत बवाल होता है देखा जाए तो,"दूसरी जाति में तो शादी होती ही नहीं है। राजस्थान में बहुत बवाल होता है, देखा जाए तो।",दूसरी जाती म तो शादी होती ही नहीं है राजस्थान में बहुत बवाल होता है देखा जाए तो,दूसरी जाति में तो शादी होती ही नहीं है राजस्थान मे बहुत बवाल होता है देखा जायए तो,दूसरी जाति में तो शादी होती ही नहीं राजस्थान बहुत बवाल होता है देखा जाए तो,
https://storage.googleapis.com/testing_audio_for_josh/bcmk_TR/hindi/ch_677501_165.18_169.23.wav,तो वो क्या फिर जीवाणु फिर वो क्या है उनमें जीव नहीं होता क्या होता है जी,तो वो क्या वो जीवानों फिर वो क्या है उनमें जीव नहीं होता क्या होता है जी,तो वो क्या फिर जीवाणु फिर वो क्या है उनमें जीव नहीं होता क्या होता है? जी।,"तो वो क्या फिर जीवाणु फिर वो क्या है? उनमें जीव नहीं होता, क्या होता है जी?",तो वो क्या जीवाणु फिर वो क्या है उनमें जीव नहीं होता है क्या होता है जी,तो वो क्या  जीवाणो फिर वो क्या उनमें जीव नहीं होता  क्या होता है जी,तो वो क्या पर जीवाणु फिर वो क्या है उनमें जीव नहीं होता क्या होता है जी,
https://storage.googleapis.com/testing_audio_for_josh/bcmk_TR/hindi/ch_687596_884.16_888.18.wav,तो एक भारतीय होने के नाते मुझे लगता है इतनी तो इंसानियत सब में होनी चाहिए,तो एक भारतीय होने के नाथ से मुझे लगता है इतनी तो इंसानियत सब में होनी चाहिए,तो एक भारतीय होने के नाते मुझे लगता है इतनी तो इंसानियत सब में होनी चाहिए,तो एक भारतीय होने के नाते मुझे लगता है इतनी तो इंसानियत सब में होनी चाहिए।,एक भारतीय होने के नाते मुझे लगता है इतनी तो इंसान है सब में होनी चाहिए,तो एक भारतीय होने के नाते मुझे लगता है इतनी तो इंसानियत सब में होनी चाहिए,तो एक भारतीय होने के नाते मुझे लगता है इतनी तो इंसानियत सब में होनी चाहिए,
https://storage.googleapis.com/testing_audio_for_josh/bcmk_TR/hindi/ch_86623_459.03_465.21.wav,लाइक रविवार को कॉलेज की भी छुट्टी रहती है तो मैं भी उस दिन सोती रहती हूँ,लाइक रविवार को कॉलेज की भी छुट्टी रहती है तो मैं भी उस दिन सोती रहती हूँ,लाइक रविवार को कॉलेज की भी छुट्टी रहती है तो मैं भी उस दिन सोती रहती हूँ,"लाइक रविवार को कॉलेज की भी छुट्टी रहती है, तो मैं भी उस दिन सोती रहती हूं।",लीके रविवार को कॉलेज की भी छुट्टी रहती है तो मैं भी उस दिन सोती रहती हूं,लाइक रविवार को कॉलेज की भी छुट्टी रहती है तो मैं भी उस दिन सोती रहती हूं,लाइक रविवार को कॉलेज की भी छुट्टी रहती है तो मैं भी उसे दिन सोती रहती हूं,
https://storage.googleapis.com/testing_audio_for_josh/bcmk_TR/hindi/ch_1630165_819.36_821.07.wav,तकनीकी युग में क्यों टिके हुए हैं,तकनीकी युग में क्यों टिके हुए हैं,तकनीकी युग में क्यों टिके हुए हैं?,तकनीकी युग में क्यों टिके हुए हैं?,तकनीकी युग में क्यूटी किए हु है,तकनीकी उग में क्यों टिके वे है,तकनीकी युग में क्यों टिके में आए,
https://storage.googleapis.com/testing_audio_for_josh/bcmk_TR/hindi/ch_1696291_166.83_171.84.wav,प्रयागराज अभी कुंभ मेला लगा था। ना,प्रयागराज अभी कुंभ मेला लगा था ना,प्रयागराज अभी कुंभ मेला लगा था ना।,प्रयागराज अभी कुंभ मेला लगा था ना?,प्रयागराज अभी कुंभ मेला लगा था ना,प्र्यागराज अभी कुंब मेला लगा था ना,प्रयाग राज अभी कुंभ मेला लगा था ना,
https://storage.googleapis.com/testing_audio_for_josh/bcmk_TR/hindi/ch_452230_612.90_615.27.wav,आपका दिन शुभ हो धन्यवाद शुभ रात्रि,आपका दिन शुभ हो धन्यवाद शुभ रात्रि,"आपका दिन शुभ हो, धन्यवाद, शुभ रात्रि।","आपका दिन शुभ हो! धन्यवाद, शुभ रात्रि।",आपका दिन शुभ हो धन्यवाद शुभरात्रि,आपका दिन शुब हो धन्यवाद शुब रात्री,आपका दिन शुभ हो धन्यवाद शुभ रात्रि,
https://storage.googleapis.com/testing_audio_for_josh/bcmk_TR/hindi/ch_85774_16.68_21.09.wav,पहाड़ी इलाकों या समुंदर किनारे जैसे बेहतरीन घरों के बारे में बात करना है,पहाड़ी इलाकों या समुद्र किनारे जैसे बेहतरीन घरों के बारे में बात करना है,पहाड़ी इलाकों या समुंदर किनारे जैसे बेहतरीन घरों के बारे में बात करना है।,पहाड़ी इलाकों या समुद्र किनारे जैसे बेहतरीन घरों के बारे में बात करना है।,पहाड़ी इलाकों या समुंद्र किनारे जैसे बेहतरीन घरों के बारे में बात करना है,पहाड़ी इलाकों या समुंदर किनारे जैसे बेहतरीन घरों के बारे में बात करना है,पहाड़ी इलाकों या समुंदर किनारे जैसे बेहतरीन घरों के बारे में बात करना है,
https://storage.googleapis.com/testing_audio_for_josh/bcmk_TR/hindi/ch_88787_386.58_389.37.wav,दिखाओ वाकई वाकई सही बोल रहे हो,दिखाओ वाकई वाकई सही बोल रहे हो,दिखाओ वाकई वाकई सही बोल रहे हो,"दिखाओ वाकई, वाकई सही बोल रहे हो।",दिखाओ वाकई वाकई सही बोल रहे हो,दिखाओ वाकई वाकई सही बोल  रहहे हो,दिखाओ वाकई वाकई सही बोल रहे हो,
https://storage.googleapis.com/testing_audio_for_josh/bcmk_TR/hindi/ch_1604702_539.04_545.67.wav,तो भारत तो एक खुद से ही गिफ्टेड लैंड है तो हमें इसको एक्सप्लोर करना चाहिए देखना चाहिए,तो भारत तो एक खुद से ही गिफ्टेड लैंड है तो हमें इसको एक्सप्लोर करना चाहिए देखना चाहिए,तो भारत तो एक खुद से ही गिफ्टेड लैंड है तो हमें इसको एक्सप्लोर करना चाहिए देखना चाहिए।,"तो भारत तो एक खुद से ही गिफ्टेड लैंड है, तो हमें इसको एक्सप्लोर करना चाहिए, देखना चाहिए।",तो भारत तो एक खुद से ही गिफ्टेड लैंड है तो हमें इसको एक्सप्लोर करना चाहिए देखना चाहिए,तो भारत तो एक खुद से ही गिफ्टेड लैंड है तो हमें इसको एक्सप्लोर करना चाहिए देखना चाहिए,तो भारत तो एक खुद से ही गिफ्टेड लैंड है तो हमें इसको एक्सप्लोर करना चाहिए देखना चाहिए,
https://storage.googleapis.com/testing_audio_for_josh/bcmk_TR/hindi/ch_1605486_234.45_239.19.wav,जी उसके बाद भी भाई दूज वगैरह होता है उसमें भी रिश्तेदार आते हैं बहनें आती हैं मेरी।,जी उसके बाद भी भाई दूज वगैरह होता है उसमें भी रिश्तेदार आते हैं बहनें आती हैं मेरी,जी उसके बाद भी भाई दूज वगैरह होता है उसमें भी रिश्तेदार आते हैं बहनें आती हैं मेरी,"ये उसके बाद भी भाई दूज वगैरा होता है, उसमें भी रिश्तेदार आते हैं, बहनें आती हैं मेरी।",जी उसके बाद भी भाई दूज वगैरह होता है उसमें भी रिश्तेदार आते हैं बहने आती है मेरी,यी उसके बाद भी भाई दूझ वगैरह होता है उसमें भी रिसलर आते हैं बहनें आती हैं मेरी,की उसके बाद भी भाई दूज वगैरह होता है उसमें भी रिश्तेदार आते हैं बहनें आती है मेरी,
https://storage.googleapis.com/testing_audio_for_josh/bcmk_TR/hindi/ch_1673210_71.10_80.43.wav,कौन सी एक पहचान स्वाद या ध्वनि तुरंत आपको बचपन की यादों में ले जाती है क्या बताएंगी,कौन सी एक पहचान स्वाद या ध्वनि तुरंत आपको बचपन की यादों में ले जाती है क्या बताएंगी,कौन सी एक पहचान स्वाद या ध्वनि तुरंत आपको बचपन की यादों में ले जाती है क्या बताएंगी,"कौन सी एक पहचान, स्वाद या ध्वनि तुरंत आपको बचपन की यादों में ले जाती है? क्या बताएंगे?",कौन सी एक पहचान स्वाद या ध्वनि तुरंत आपको बचपन की यादों में ले जाती है क्या आप बताएंगी,कौन सी एक पहचान स्वाद या ध्वनि तुरंत आपको बचपन की यादों में ली जाती है क्ा बताएंगी,कौन सी एक पहचान स्वाद या ध्वनि तुरंत आपको बचपन की यादों में ले जाती है क्या बताएंगे,
https://storage.googleapis.com/testing_audio_for_josh/bcmk_TR/hindi/ch_1596221_153.00_164.31.wav,मेरे भाई बहनों के साथ मैं खेलता था हम एक चबूतरे पर बैठे रहते थे बचपन में,मेरे भाई बहनों के साथ में खेलता था हम एक जब उतरे पे बैठे रहते थे बचपन में,"मेरे भाई बहनों के साथ मैं खेलता था, हम एक चबूतरे पर बैठे रहते थे बचपन में।","और लोगों का वर्णन कीजिए, जिसके साथ आप खेल खेलते हैं। मेरे भाई बहनों के साथ मैं खेलता था। हम एक चबूतरे पर बैठे रहते थे, बचपन में।",मेरे भाई बहनों के साथ में खेलता था हम एक चबूतरे पे बैठे रहते थे बचपन में,मेरे भाई-बहनों के साथ में खेलता था हम एक चबूतरे पर बैठे रहते थे बचपन में,मेरे भाई बहनों के साथ मैं खेलता था हम एक चबूतरे पर बैठे रहते थे बचपन में,
https://storage.googleapis.com/testing_audio_for_josh/bcmk_TR/hindi/ch_1616491_921.99_932.91.wav,क्योंकि मूंग की दाल पौष्टिक रहती है तो खाने की बोलते हैं तो वो मूंग की दाल में इतनी सारी बीमारी आ रही है क्योंकि वो दवाई अच्छी नहीं बन रही है जो दवा डालते हैं ना,क्योंकि मूंग की दाल पौष्टिक रहती है तो खाने की बोलते हैं तो वो मूंग की दाल में इतनी सारी बीमारी आ रही है क्योंकि वो दवाई अच्छी नहीं बन रही है जो दवा डालते हैं ना,क्योंकि मूंग की दाल पौष्टिक रहती है तो खाने की बोलते हैं तो वो मूंग की दाल में इतनी सारी बीमारी आ रही है क्योंकि वो दवाई अच्छी नहीं बन रही है जो दवा डालते हैं ना,"क्योंकि मूंग की दाल पौष्टिक रहती है तो खाने की बोलते हैं तो वो मूंग की दाल में इतनी सारी बीमारी आ रही है क्योंकि वो दवाई अच्छी नहीं बन रही है, जो दवा डालते हैं ना।",क्योंकि मूंग की दाल पौष्टिक रहती है तो खाने की बोलते हैं तो वो मूंग की दाल में इतनी सारी बीमारी आ रही हैं क्योंकि वो दवाई अच्छी नहीं बन रही है जो दवा डालते हैं ना,क्योंकि मूंग की दाल पोष्टिक रहती है तो खाने की बोलते हैं तो वो मूंग की दाल में इतनी सारी बीमारी ए रही है क्योंकि वो दवाई अच्छी नहीं बन रही है जो दावा डालते हैं ना,क्योंकि मुंह की दाल पौष्टिक रहती है तो खाने की बोलते हैं तो वह मुंह की दाल में इतनी सारी बीमारी आ रही है क्योंकि वह दवाई अच्छी नहीं बन रही है जो दवा डालते हैं ना,
https://storage.googleapis.com/testing_audio_for_josh/bcmk_TR/hindi/ch_1613818_192.42_205.77.wav,शहरी जीवन बीमा बनाम छोटे शहर का जीवन आपके शहर या कस्बे के माहौल में बड़े होने से आपको,शहरी जीवन बीमा बनाम छोटे शहर का जीवन आपके शहर या कस्बे के माहौल में बड़े होने से आपको,शहरी जीवन बीमा बनाम छोटे शहर का जीवन आपके शहर या कस्बे के माहौल में बड़े होने से आपको,शहरी जीवन बीमा बनाम छोटे शहर का जीवन। आपके शहर या कस्बे के माहौल में बड़े होने से आपको,शहरी जीवन बीमा बनाम छोटे शहर का जीवन आपके शहर या कस्बे के माहौल में बड़े होने से आपको,शहरी जीवन बीमा बनाम छोटे शहर का जीवन आपके शहर या कसबे के माहौल में बड़े होने से आपको,शहरी जीवन बीमा बनाम छोटे शहर का जीवन आपके शहर या कसबे के माहौल में बड़े होने से आपको,
https://storage.googleapis.com/testing_audio_for_josh/bcmk_TR/hindi/ch_16197_140.52_148.50.wav,हाँ नहीं तो पहले डेस्कटॉप था ना बाद में लैपटॉप आया लैपटॉप ने इजी आसान बना दिया है काम,हाँ नहीं तो पहले डेस्कटॉप था ना बाद में लैपटॉप आया लैपटॉप ने इजी आसान बना दिया है काम,हाँ नहीं तो पहले डेस्कटॉप था ना बाद में लैपटॉप आया लैपटॉप ने इजी आसान बना दिया है काम,"हाँ! नहीं तो पहले desktop था ना, बाद में laptop आया। laptop ने easy आसान बना दिया है काम।",हां नहीं तो पहले डेस्कटॉप था ना बाद में लैपटॉप आया लैपटॉप ने ईसी आसान बना दिया है काम,हां नहीं तो पहले डेस्कटॉप था ना बाद में लैपटॉप आया लैपटॉप ने इजी आसान बना दिया है काम,हां नहीं तो पहले डेस्कटॉप था ना बाद में लैपटॉप आया लैपटॉप ने इसी आसान बना दिया है कम,
https://storage.googleapis.com/testing_audio_for_josh/bcmk_TR/hindi/ch_1630690_1023.81_1031.46.wav,अब इसमें लिखा है आपकी मदद करने की प्रवृत्ति को सबसे ज़्यादा कौन सी आंतरिक मूल्य प्रेरित करता है,अब इसमें लिखा है आपकी मदद करने की प्रवृत्ति को सबसे ज़्यादा कौन सी आंतरिक मूल्य प्रेरित करता है,अब इसमें लिखा है आपकी मदद करने की प्रवृत्ति को सबसे ज़्यादा कौन सी आंतरिक मूल्य प्रेरित करता है,"अब इसमें लिखा है, आपकी मदद करने की प्रवृत्ति को सबसे ज्यादा कौन सी आंतरिक मूल्य प्रेरित करता है?",अब इसमें लिखा है आपकी मदद करने की प्रवृति को सबसे ज्यादा कौन सी यांत्रिक मूल्य प्रेरित करता है,अब इसमें लिखा है आपकी मदद करने की प्रवरति को सबसे ज्यादा कौन सी यांतरिक मूल्य प्रेरित करता है,अब इसमें लिखा है आपकी मदद करने की प्रवृत्ति को सबसे ज्यादा कौन सी आंतरिक मूल्य प्रेरित करता है,
https://storage.googleapis.com/testing_audio_for_josh/bcmk_TR/hindi/ch_1732616_196.77_205.11.wav,मुझे म्यूजिक सुनना पसंद है गाना भी पसंद है एक्चुअली और डांसिंग तो पैशन है मेरा बहुत पसंद है,मुझे म्यूजिक सुनना पसंद है गाना भी पसंद है एक्चुअली और डांसिंग तो पैशन है मेरा बहुत पसंद है,मुझे म्यूजिक सुनना पसंद है गाना भी पसंद है एक्चुअली और डांसिंग तो पैशन है मेरा बहुत पसंद है,"मुझे म्यूजिक सुनना पसंद है, गाना भी पसंद है एक्चुअली और डांसिंग तो पैशन है मेरा, बहुत पसंद है।",मुझे म्यूज़िक सुनना पसंद है गाना भी पसंद है एक्चुअली और डांसिंग तो पैशन है मेरा बहुत पसंद है,मुझे म्यूजिक सुनना पसंद है गाना भी पसंद है एक्चुअली और दांसिंग तो पैशन है मेरा बहुत पसंद है,मुझे म्यूजिक सुनना पसंद है गाना भी पसंद है एक्चुअली और डांसिंग तो पैशन है मेरा बहुत पसंद है,
https://storage.googleapis.com/testing_audio_for_josh/bcmk_TR/hindi/ch_2055669_44.43_55.50.wav,वहाँ पर बहुत रंग बिरंगी फूल रहता है झूला रहता है वहाँ पर बहुत चीज़ें खेलने को मिलती है,वहाँ पर बहुत रंग बिरंगी फूल रहता है झूला रहता है वहाँ पर बहुत चीज़ें खेलने को मिलती है,"वहाँ पर बहुत रंग बिरंगी फूल रहता है, झूला रहता है, वहाँ पर बहुत चीज़ें खेलने को मिलती है।","वहां पर बहुत रंग-बिरंगी फूल रहता है, झूला रहता है, वहां पर बहुत चीजें खेलने को मिलती है।",वहाँ पर बहुत रंग बिरंगी फूल रहता है झूला रहता है वहाँ पर बहुत चीज़ें खेलने को मिलती है,वहां पर बहुत रंग बिरंगी फूल रहता है झूला रहता हैं वहां पर बहुत चीजें खेनने को मिलती है,वहां पर बहुत रंग बिरंगी फूल रहता है जूला रहता है वहां पर बहुत चीज खेलने को मिलती है,
https://storage.googleapis.com/testing_audio_for_josh/bcmk_TR/hindi/ch_13457_121.08_125.85.wav,एक मेरा काम नहीं है निकलवाना लेकिन मेरे पास पता चला मुझे,ठीक मेरा काम नहीं है निकलवाना लेकिन मेरे पास पता चला मुझे,एक मेरा काम नहीं है निकलवाना लेकिन मेरे पास पता चला मुझे,"ठीक! मेरा काम नहीं है निकलवाना, लेकिन मेरे पास पता चला मुझे।",एक मेरा काम नहीं है निकलवाना लेकिन मेरे पास पता चला मुझे,ठीक मेरा काम नहीं है निकलवाना लेकिन मेरे पास पता चला मुझे,ठीक मेरा कम नहीं है निकलवाना लेकिन मेरे पास पता चला मुझे,
https://storage.googleapis.com/testing_audio_for_josh/bcmk_TR/hindi/ch_1545124_753.21_762.48.wav,चलो भगवान ने बचा लिया कुछ बड़ा नहीं हुआ चलो इतने से ही मतलब जो हमारे ऊपर कुछ थी वो बला वो टल गई,चलो भगवान ने बचा लिया कुछ बड़ा नहीं हुआ चलो इतने से ही मतलब जो हमारे ऊपर कुछ थी वो बला वो टल गई,"चलो भगवान ने बचा लिया, कुछ बड़ा नहीं हुआ। चलो इतने से ही मतलब जो हमारे ऊपर कुछ थी वो बला वो टल गई।","चलो भगवान ने बचा लिया, कुछ बड़ा नहीं हुआ। चलो इतने से ही मतलब जो हमारे ऊपर कुछ थी, वो बला वो टल गई।",चलो भगवान ने बचा लिया कुछ बड़ा नहीं हुआ चलो इतने से ही मतलब जो हमारे ऊपर कुछ थी वो बला वो टल गई,चलो भगवान ने बचा लिया कुछ बड़ा नहीं हुआ चलो इतने सेही मतलब जो हमारे ऊपर कुछ थी वो बला वो टल गई,चलो भगवान ने बचा लिया कुछ बड़ा नहीं हुआ चलो इतने से ही मतलब जो हमारे पर कुछ थी वह बला वह टल गई,
https://storage.googleapis.com/testing_audio_for_josh/bcmk_TR/hindi/ch_1545318_552.15_557.22.wav,मेहनत तो कहीं व्यर्थ नहीं जाता है देर से ही आता है,मेहनत तो कहीं व्यर्थ नहीं जाता है देर से ही आता है,"मेहनत तो कहीं व्यर्थ नहीं जाता है, देर से ही आता है।","मेहनत तो कहीं व्यर्थ नहीं जाता है, देर से ही आता है।",मेहनत तो कहीं व्यर्थ नहीं जाता है देर से ही आता है,मेحنت تو कही بیथ نी जاतا हے देर से ही आतا ے,मेहनत तो कहीं व्यर्थ नहीं जाता है देश से ही आता है,